title,sum(p.amount),count(r.rental_id),rating,avg(f.rental_rate),avg(f.replacement_cost),name
"AMADEUS HOLY",33.79,21,PG,0.990000,20.990000,Action
"AMERICAN CIRCUS",167.78,22,R,4.990000,17.990000,Action
"ANTITRUST TOMATOES",37.90,10,NC-17,2.990000,11.990000,Action
"BAREFOOT MANCHURIAN",66.82,18,G,2.990000,15.990000,Action
"BERETS AGENT",78.78,21,PG-13,2.990000,24.990000,Action
"BRIDE INTRIGUE",21.81,19,G,0.990000,24.990000,Action
"BULL SHAWSHANK",21.84,16,NC-17,0.990000,21.990000,Action
"CADDYSHACK JEDI",51.84,16,NC-17,0.990000,17.990000,Action
"CAMPUS REMEMBER",90.81,19,R,2.990000,27.990000,Action
"CASUALTIES ENCINO",72.91,9,G,4.990000,16.990000,Action
"CELEBRITY HORN",32.76,24,PG-13,0.990000,24.990000,Action
"CLUELESS BUCKET",112.75,25,R,2.990000,13.990000,Action
"CROW GREASE",18.88,12,PG,0.990000,22.990000,Action
"DANCES NONE",31.86,14,NC-17,0.990000,22.990000,Action
"DARKO DORADO",82.89,11,NC-17,4.990000,13.990000,Action
"DARN FORRESTER",93.82,18,G,4.990000,14.990000,Action
"DEVIL DESIRE",83.85,15,R,4.990000,12.990000,Action
"DRAGON SQUAD",27.89,11,NC-17,0.990000,26.990000,Action
"DREAM PICKUP",81.78,22,PG,2.990000,18.990000,Action
"DRIFTER COMMANDMENTS",141.76,24,PG-13,4.990000,18.990000,Action
"EASY GLADIATOR",150.77,23,G,4.990000,12.990000,Action
"ENTRAPMENT SATISFACTION",47.85,15,R,0.990000,19.990000,Action
"EXCITEMENT EVE",67.79,21,G,0.990000,20.990000,Action
"FANTASY TROOPERS",45.74,26,PG-13,0.990000,27.990000,Action
"FOOL MOCKINGBIRD",175.77,23,PG,4.990000,24.990000,Action
"FORREST SONS",87.82,18,R,2.990000,15.990000,Action
"GLASS DYING",43.86,14,G,0.990000,24.990000,Action
"GOSFORD DONNIE",48.92,8,G,4.990000,17.990000,Action
"GRAIL FRANKENSTEIN",52.90,10,NC-17,2.990000,17.990000,Action
"HANDICAP BOONDOCK",63.72,28,R,0.990000,28.990000,Action
"HILLS NEIGHBORS",72.75,25,G,0.990000,29.990000,Action
"KISSING DOLLS",147.80,20,R,4.990000,9.990000,Action
"LAWRENCE LOVE",15.87,13,NC-17,0.990000,23.990000,Action
"LORD ARIZONA",42.89,11,PG-13,2.990000,27.990000,Action
"LUST LOCK",74.82,15,G,2.990000,28.990000,Action
"MAGNOLIA FORRESTER",34.89,11,PG-13,0.990000,28.990000,Action
"MIDNIGHT WESTWARD",45.83,17,G,0.990000,19.990000,Action
"MINDS TRUMAN",149.80,20,PG-13,4.990000,22.990000,Action
"MOCKINGBIRD HOLLYWOOD",59.76,24,PG,0.990000,27.990000,Action
"MONTEZUMA COMMAND",11.91,9,NC-17,0.990000,22.990000,Action
"PARK CITIZEN",60.92,8,PG-13,4.990000,14.990000,Action
"PATRIOT ROMAN",55.84,16,PG,2.990000,12.990000,Action
"PRIMARY GLASS",36.73,27,G,0.990000,16.990000,Action
"QUEST MUSSOLINI",77.80,20,R,2.990000,29.990000,Action
"REAR TRADING",32.83,17,NC-17,0.990000,23.990000,Action
"RINGS HEARTBREAKERS",34.85,15,G,0.990000,17.990000,Action
"RUGRATS SHAKESPEARE",70.70,30,PG-13,0.990000,16.990000,Action
"SHRUNK DIVINE",52.86,14,R,2.990000,14.990000,Action
"SIDE ARK",29.88,12,G,0.990000,28.990000,Action
"SOUTH WAIT",107.78,22,R,2.990000,21.990000,Action
"SPEAKEASY DATE",45.88,12,PG-13,2.990000,22.990000,Action
"STAGECOACH ARMAGEDDON",154.74,26,R,4.990000,25.990000,Action
"STORY SIDE",39.72,28,R,0.990000,27.990000,Action
"SUSPECTS QUILLS",133.70,30,PG,2.990000,22.990000,Action
"TRIP NEWTON",145.72,28,PG-13,4.990000,14.990000,Action
"TRUMAN CRAZY",121.77,23,G,4.990000,9.990000,Action
"UPRISING UPTOWN",60.84,16,NC-17,2.990000,16.990000,Action
"WATERFRONT DELIVERANCE",121.83,17,G,4.990000,17.990000,Action
"WEREWOLF LOLA",78.86,14,G,4.990000,19.990000,Action
"WOMEN DORADO",44.78,23,R,0.990000,23.990000,Action
"WORST BANGER",73.84,16,PG,2.990000,26.990000,Action
"ALTER VICTORY",32.78,22,PG-13,0.990000,27.990000,Animation
"ANACONDA CONFESSIONS",60.79,21,R,0.990000,9.990000,Animation
"BIKINI BORROWERS",98.83,17,NC-17,4.990000,26.990000,Animation
"BLACKOUT PRIVATE",91.73,27,PG,2.990000,12.990000,Animation
"BORROWERS BEDAZZLED",27.78,22,G,0.990000,22.990000,Animation
"CANYON STOCK",27.81,19,R,0.990000,26.990000,Animation
"CAROL TEXAS",83.82,18,PG,2.990000,15.990000,Animation
"CHAMPION FLATLINERS",85.87,13,PG,4.990000,21.990000,Animation
"CLASH FREDDY",85.75,25,G,2.990000,12.990000,Animation
"CLUB GRAFFITI",44.80,19,PG-13,0.990000,12.990000,Animation
"CROSSROADS CASUALTIES",77.79,21,G,2.990000,20.990000,Animation
"DARES PLUTO",29.91,9,PG-13,2.990000,16.990000,Animation
"DESIRE ALIEN",25.92,8,NC-17,2.990000,24.990000,Animation
"DOGMA FAMILY",178.70,30,G,4.990000,16.990000,Animation
"DONNIE ALLEY",35.86,14,NC-17,0.990000,20.990000,Animation
"DOORS PRESIDENT",123.81,19,NC-17,4.990000,22.990000,Animation
"DOUBLE WRATH",74.75,25,R,0.990000,28.990000,Animation
"DUCK RACER",23.94,6,NC-17,2.990000,15.990000,Animation
"EARLY HOME",41.93,7,NC-17,4.990000,27.990000,Animation
"FALCON VOLUME",127.77,22,PG-13,4.990000,21.990000,Animation
"FIGHT JAWBREAKER",59.78,22,R,0.990000,13.990000,Animation
"FLYING HOOK",83.80,20,NC-17,2.990000,18.990000,Animation
"FORRESTER COMANCHEROS",146.73,27,NC-17,4.990000,22.990000,Animation
"GANGS PRIDE",112.73,27,PG-13,2.990000,27.990000,Animation
"GHOSTBUSTERS ELF",11.91,9,R,0.990000,18.990000,Animation
"HARPER DYING",77.80,20,G,0.990000,15.990000,Animation
"HOOK CHARIOTS",17.87,13,G,0.990000,23.990000,Animation
"HORN WORKING",112.76,24,PG,2.990000,23.990000,Animation
"INCH JET",95.82,18,NC-17,4.990000,18.990000,Animation
"INSECTS STONE",36.81,18,NC-17,0.990000,14.990000,Animation
"INTENTIONS EMPIRE",78.83,17,PG-13,2.990000,13.990000,Animation
"ISHTAR ROCKETEER",51.93,7,R,4.990000,24.990000,Animation
"JUGGLER HARDLY",96.68,32,PG-13,0.990000,14.990000,Animation
"LAWLESS VISION",86.84,17,G,4.990000,29.990000,Animation
"LUKE MUMMY",28.93,7,NC-17,2.990000,21.990000,Animation
"MASSAGE IMAGE",59.88,12,PG,2.990000,11.990000,Animation
"MENAGERIE RUSHMORE",21.93,7,G,2.990000,18.990000,Animation
"MIRACLE VIRTUAL",44.91,9,PG-13,2.990000,19.990000,Animation
"MISSION ZOOLANDER",126.82,18,PG-13,4.990000,26.990000,Animation
"NASH CHOCOLAT",64.85,15,PG-13,2.990000,21.990000,Animation
"OSCAR GOLD",83.75,25,PG,2.990000,29.990000,Animation
"OZ LIAISONS",95.76,24,R,2.990000,14.990000,Animation
"PACKER MADIGAN",60.78,22,PG-13,0.990000,20.990000,Animation
"POND SEATTLE",64.81,19,PG-13,2.990000,25.990000,Animation
"POTLUCK MIXED",49.89,11,G,2.990000,10.990000,Animation
"POTTER CONNECTICUT",72.83,17,PG,2.990000,16.990000,Animation
"PRIDE ALAMO",18.84,16,NC-17,0.990000,20.990000,Animation
"PUNK DIVORCE",46.92,8,PG,4.990000,18.990000,Animation
"ROOM ROMAN",29.80,20,PG,0.990000,27.990000,Animation
"SLEEPLESS MONSOON",121.80,20,G,4.990000,12.990000,Animation
"SNOWMAN ROLLERCOASTER",72.77,23,G,0.990000,27.990000,Animation
"SONS INTERVIEW",79.84,15,NC-17,2.990000,11.990000,Animation
"STORM HAPPINESS",46.71,29,NC-17,0.990000,28.990000,Animation
"SUGAR WONKA",105.83,17,PG,4.990000,20.990000,Animation
"SUNRISE LEAGUE",170.76,24,PG-13,4.990000,19.990000,Animation
"TELEMARK HEARTBREAKERS",91.75,25,PG-13,2.990000,9.990000,Animation
"THEORY MERMAID",30.88,11,PG-13,0.990000,9.990000,Animation
"THIEF PELICAN",117.81,19,PG-13,4.990000,28.990000,Animation
"TITANIC BOONDOCK",154.77,23,R,4.990000,18.990000,Animation
"TRACY CIDER",85.74,26,G,0.990000,29.990000,Animation
"TURN STAR",70.86,14,G,2.990000,10.990000,Animation
"WAIT CIDER",83.79,21,PG-13,0.990000,9.990000,Animation
"WATCH TRACY",34.84,16,PG,0.990000,12.990000,Animation
"WONKA SEA",66.82,18,NC-17,2.990000,24.990000,Animation
"BACKLASH UNDEFEATED",158.81,19,PG-13,4.990000,24.990000,Children
"BEAR GRACELAND",107.78,22,R,2.990000,20.990000,Children
"BENEATH RUSH",16.90,10,NC-17,0.990000,27.990000,Children
"BETRAYED REAR",91.85,15,NC-17,4.990000,26.990000,Children
"CABIN FLASH",40.85,15,NC-17,0.990000,25.990000,Children
"CASPER DRAGONFLY",52.92,8,PG-13,4.990000,16.990000,Children
"CHRISTMAS MOONSHINE",28.79,21,NC-17,0.990000,21.990000,Children
"CIRCUS YOUTH",60.85,15,PG-13,2.990000,13.990000,Children
"CLOCKWORK PARADISE",11.90,10,PG-13,0.990000,29.990000,Children
"COMANCHEROS ENEMY",9.94,6,R,0.990000,23.990000,Children
"CROOKED FROGMEN",41.77,23,PG-13,0.990000,27.990000,Children
"DAUGHTER MADIGAN",69.91,9,PG-13,4.990000,13.990000,Children
"DOCTOR GRAIL",34.93,7,G,2.990000,29.990000,Children
"EMPIRE MALKOVICH",30.79,21,G,0.990000,26.990000,Children
"FARGO GANDHI",111.76,24,G,2.990000,28.990000,Children
"FOREVER CANDIDATE",43.87,13,NC-17,2.990000,28.990000,Children
"FULL FLATLINERS",16.95,5,PG,2.990000,14.990000,Children
"FURY MURDER",63.81,19,PG-13,0.990000,28.990000,Children
"GHOST GROUNDHOG",119.79,21,G,4.990000,18.990000,Children
"GIANT TROOPERS",106.72,28,R,2.990000,10.990000,Children
"GORGEOUS BINGO",105.81,19,R,2.990000,26.990000,Children
"GRADUATE LORD",52.84,16,G,2.990000,14.990000,Children
"HALL CASSIDY",98.84,16,NC-17,4.990000,13.990000,Children
"HEARTBREAKERS BRIGHT",132.80,20,G,4.990000,9.990000,Children
"HOLLYWOOD ANONYMOUS",13.87,13,PG,0.990000,29.990000,Children
"HOLOCAUST HIGHBALL",25.83,17,R,0.990000,12.990000,Children
"IDOLS SNATCHERS",114.70,30,NC-17,2.990000,29.990000,Children
"INVASION CYCLONE",103.73,27,PG,2.990000,12.990000,Children
"JERSEY SASSY",39.94,6,PG,4.990000,16.990000,Children
"JUMPING WRATH",79.76,24,NC-17,0.990000,18.990000,Children
"LABYRINTH LEAGUE",47.85,15,PG-13,2.990000,24.990000,Children
"LANGUAGE COWBOY",19.89,11,NC-17,0.990000,26.990000,Children
"LEGALLY SECRETARY",46.91,9,PG,4.990000,14.990000,Children
"MAGIC MALLRATS",17.93,7,PG,0.990000,19.990000,Children
"MAKER GABLES",32.90,10,PG-13,0.990000,12.990000,Children
"MICROCOSMOS PARADISE",46.87,13,PG-13,2.990000,22.990000,Children
"MODEL FISH",93.85,15,NC-17,4.990000,11.990000,Children
"MURDER ANTITRUST",84.77,23,PG,2.990000,11.990000,Children
"NOON PAPI",68.83,17,G,2.990000,12.990000,Children
"POLISH BROOKLYN",24.82,18,PG,0.990000,12.990000,Children
"ROBBERS JOON",105.69,31,PG-13,2.990000,26.990000,Children
"SABRINA MIDNIGHT",126.79,21,PG,4.990000,11.990000,Children
"SANTA PARIS",33.89,11,PG,2.990000,23.990000,Children
"SCARFACE BANG",120.82,18,PG-13,4.990000,11.990000,Children
"SHEPHERD MIDSUMMER",32.75,25,R,0.990000,14.990000,Children
"SPLENDOR PATTON",40.79,21,R,0.990000,20.990000,Children
"STRANGELOVE DESIRE",86.76,24,NC-17,0.990000,27.990000,Children
"STRANGER STRANGERS",75.89,11,G,4.990000,12.990000,Children
"SUNDANCE INVASION",41.81,19,NC-17,0.990000,21.990000,Children
"SWEETHEARTS SUSPECTS",98.71,29,G,0.990000,13.990000,Children
"TEQUILA PAST",32.94,6,PG,4.990000,17.990000,Children
"TIES HUNGER",80.89,11,R,4.990000,28.990000,Children
"TOOTSIE PILOT",39.85,15,PG,0.990000,10.990000,Children
"TWISTED PIRATES",66.89,11,PG,4.990000,23.990000,Children
"UPTOWN YOUNG",38.88,12,PG,2.990000,16.990000,Children
"WARLOCK WEREWOLF",21.94,6,G,2.990000,10.990000,Children
"WRONG BEHAVIOR",62.80,20,PG-13,2.990000,10.990000,Children
"ZOOLANDER FICTION",73.83,17,R,2.990000,28.990000,Children
"ARIZONA BANG",104.79,21,PG,2.990000,28.990000,Classics
"BEAST HUNCHBACK",76.89,11,R,4.990000,22.990000,Classics
"BOUND CHEAPER",50.76,24,PG,0.990000,17.990000,Classics
"CANDIDATE PERDITION",96.81,18,R,2.990000,10.990000,Classics
"CENTER DINOSAUR",137.76,24,PG,4.990000,12.990000,Classics
"COLOR PHILADELPHIA",93.76,24,G,2.990000,19.990000,Classics
"CONSPIRACY SPIRIT",16.95,5,PG-13,2.990000,27.990000,Classics
"CORE SUIT",103.82,18,PG-13,2.990000,24.990000,Classics
"CREEPERS KANE",82.86,14,NC-17,4.990000,23.990000,Classics
"CRUELTY UNFORGIVEN",7.93,7,G,0.990000,29.990000,Classics
"DETECTIVE VISION",68.73,27,PG-13,0.990000,16.990000,Classics
"DRACULA CRYSTAL",24.79,21,G,0.990000,26.990000,Classics
"DYNAMITE TARZAN",62.75,25,PG-13,0.990000,27.990000,Classics
"EXTRAORDINARY CONQUERER",22.94,6,G,2.990000,29.990000,Classics
"FROST HEAD",76.70,30,PG,0.990000,13.990000,Classics
"GALAXY SWEETHEARTS",115.82,18,R,4.990000,13.990000,Classics
"GILBERT PELICAN",17.91,9,G,0.990000,13.990000,Classics
"GILMORE BOILED",64.72,28,R,0.990000,29.990000,Classics
"HOLY TADPOLE",18.91,9,R,0.990000,20.990000,Classics
"HOPE TOOTSIE",75.82,18,NC-17,2.990000,22.990000,Classics
"HYDE DOCTOR",104.73,26,G,2.990000,11.990000,Classics
"IRON MOON",55.89,11,PG,4.990000,27.990000,Classics
"ISLAND EXORCIST",85.74,26,NC-17,2.990000,23.990000,Classics
"JEEPERS WEDDING",86.84,16,R,2.990000,29.990000,Classics
"JEOPARDY ENCINO",28.90,10,R,0.990000,12.990000,Classics
"JERK PAYCHECK",107.80,20,NC-17,2.990000,13.990000,Classics
"JINGLE SAGEBRUSH",70.87,13,PG-13,4.990000,29.990000,Classics
"LEAGUE HELLFIGHTERS",105.83,17,PG-13,4.990000,25.990000,Classics
"LIGHTS DEER",9.92,8,R,0.990000,21.990000,Classics
"LOATHING LEGALLY",63.73,27,R,0.990000,29.990000,Classics
"LOVELY JINGLE",65.86,14,PG,2.990000,18.990000,Classics
"LOVER TRUMAN",62.90,10,G,2.990000,29.990000,Classics
"MAGNIFICENT CHITTY",54.92,8,R,2.990000,27.990000,Classics
"MALKOVICH PET",84.74,26,G,2.990000,22.990000,Classics
"MILLION ACE",130.80,20,PG-13,4.990000,16.990000,Classics
"MUSKETEERS WAIT",92.83,17,PG,4.990000,17.990000,Classics
"OCTOBER SUBMARINE",63.89,11,PG-13,4.990000,10.990000,Classics
"PAJAMA JAWBREAKER",39.86,14,R,0.990000,14.990000,Classics
"PATIENT SISTER",24.81,19,NC-17,0.990000,29.990000,Classics
"PREJUDICE OLEANDER",115.80,20,PG-13,4.990000,15.990000,Classics
"REQUIEM TYCOON",110.81,19,R,4.990000,25.990000,Classics
"RIGHT CRANES",52.90,10,PG-13,4.990000,29.990000,Classics
"ROOTS REMEMBER",42.83,17,PG-13,0.990000,23.990000,Classics
"SLING LUKE",14.94,6,R,0.990000,10.990000,Classics
"SNATCHERS MONTEZUMA",37.91,9,PG-13,2.990000,14.990000,Classics
"SPIKING ELEMENT",41.87,13,G,2.990000,12.990000,Classics
"STEEL SANTA",141.77,23,NC-17,4.990000,15.990000,Classics
"SUMMER SCARFACE",34.84,16,G,0.990000,25.990000,Classics
"TIMBERLAND SKY",123.69,31,G,0.990000,13.990000,Classics
"TOMORROW HUSTLER",110.75,25,R,2.990000,21.990000,Classics
"TOWERS HURRICANE",12.89,11,NC-17,0.990000,14.990000,Classics
"VOYAGE LEGALLY",48.72,28,PG-13,0.990000,28.990000,Classics
"WASTELAND DIVINE",49.85,15,PG,2.990000,18.990000,Classics
"WESTWARD SEABISCUIT",37.74,26,NC-17,0.990000,11.990000,Classics
"AIRPLANE SIERRA",82.85,15,PG-13,4.990000,28.990000,Comedy
"ANTHEM LUKE",85.85,15,PG-13,4.990000,16.990000,Comedy
"BRINGING HYSTERICAL",71.80,20,PG,2.990000,14.990000,Comedy
"CAPER MOTIONS",38.76,24,G,0.990000,22.990000,Comedy
"CAT CONEHEADS",181.70,30,G,4.990000,14.990000,Comedy
"CLOSER BANG",172.72,28,R,4.990000,12.990000,Comedy
"CONNECTION MICROCOSMOS",10.93,7,G,0.990000,25.990000,Comedy
"CONTROL ANTHEM",36.93,7,G,4.990000,9.990000,Comedy
"CRAZY HOME",26.91,9,PG,2.990000,24.990000,Comedy
"DADDY PITTSBURGH",75.87,13,G,4.990000,26.990000,Comedy
"DOOM DANCING",73.79,21,R,0.990000,13.990000,Comedy
"DOWNHILL ENOUGH",84.75,25,G,0.990000,19.990000,Comedy
"DYING MAKER",93.83,17,PG,4.990000,28.990000,Comedy
"ELEMENT FREDDY",56.90,10,NC-17,4.990000,28.990000,Comedy
"FERRIS MOTHER",79.83,17,PG,2.990000,13.990000,Comedy
"FIREBALL PHILADELPHIA",60.79,21,PG,0.990000,25.990000,Comedy
"FLINTSTONES HAPPINESS",134.83,17,PG-13,4.990000,11.990000,Comedy
"FREEDOM CLEOPATRA",5.95,5,PG-13,0.990000,23.990000,Comedy
"GOLD RIVER",94.86,14,R,4.990000,21.990000,Comedy
"GROUNDHOG UNCUT",102.82,18,PG-13,4.990000,26.990000,Comedy
"GUNFIGHT MOON",55.76,24,NC-17,0.990000,16.990000,Comedy
"HEAVEN FREEDOM",58.82,18,PG,2.990000,19.990000,Comedy
"HEDWIG ALTER",37.88,12,NC-17,2.990000,16.990000,Comedy
"HURRICANE AFFAIR",85.76,24,PG,2.990000,11.990000,Comedy
"HUSTLER PARTY",190.78,22,NC-17,4.990000,22.990000,Comedy
"JAWS HARRY",63.86,14,G,2.990000,10.990000,Comedy
"KNOCK WARLOCK",116.76,24,PG-13,2.990000,21.990000,Comedy
"LIFE TWISTED",44.90,10,NC-17,2.990000,9.990000,Comedy
"LION UNCUT",34.82,18,PG,0.990000,13.990000,Comedy
"LONELY ELEPHANT",77.85,15,G,2.990000,12.990000,Comedy
"MALLRATS UNITED",77.75,25,PG,0.990000,25.990000,Comedy
"MEMENTO ZOOLANDER",88.87,13,NC-17,4.990000,11.990000,Comedy
"MULAN MOON",36.87,13,G,0.990000,10.990000,Comedy
"MYSTIC TRUMAN",19.90,10,NC-17,0.990000,19.990000,Comedy
"OPERATION OPERATION",87.73,27,G,2.990000,23.990000,Comedy
"PARADISE SABRINA",79.82,18,PG-13,2.990000,12.990000,Comedy
"PARTY KNOCK",44.87,13,PG,2.990000,11.990000,Comedy
"PERFECT GROOVE",57.83,17,PG-13,2.990000,17.990000,Comedy
"PINOCCHIO SIMON",133.80,20,PG,4.990000,21.990000,Comedy
"PURE RUNNER",92.84,16,NC-17,2.990000,25.990000,Comedy
"RUSHMORE MERMAID",18.94,6,PG-13,2.990000,17.990000,Comedy
"SADDLE ANTITRUST",42.86,14,PG-13,2.990000,10.990000,Comedy
"SATURN NAME",70.87,13,R,4.990000,18.990000,Comedy
"SEARCHERS WAIT",75.86,14,NC-17,2.990000,22.990000,Comedy
"SNATCH SLIPPER",127.78,22,PG,4.990000,15.990000,Comedy
"STAGE WORLD",46.90,10,PG,2.990000,19.990000,Comedy
"STRICTLY SCARFACE",113.77,23,PG-13,2.990000,24.990000,Comedy
"SUBMARINE BED",88.85,15,R,4.990000,21.990000,Comedy
"SWEDEN SHINING",111.81,18,PG,4.990000,19.990000,Comedy
"TRAINSPOTTING STRANGERS",58.89,11,PG-13,4.990000,10.990000,Comedy
"TRAMP OTHERS",47.80,20,PG,0.990000,27.990000,Comedy
"VALLEY PACKER",58.85,15,G,0.990000,21.990000,Comedy
"VELVET TERMINATOR",177.74,26,R,4.990000,14.990000,Comedy
"VERTIGO NORTHWEST",37.92,8,R,2.990000,17.990000,Comedy
"WISDOM WORKER",29.91,9,R,0.990000,12.990000,Comedy
"ZORRO ARK",214.69,31,NC-17,4.990000,18.990000,Comedy
"ACADEMY DINOSAUR",36.77,23,PG,0.990000,20.990000,Documentary
"ADAPTATION HOLES",37.88,12,NC-17,2.990000,18.990000,Documentary
"ARMY FLINTSTONES",41.84,16,R,0.990000,22.990000,Documentary
"BEACH HEARTBREAKERS",64.83,17,G,2.990000,16.990000,Documentary
"BED HIGHBALL",24.94,6,NC-17,2.990000,23.990000,Documentary
"BILL OTHERS",67.81,19,PG,2.990000,12.990000,Documentary
"BONNIE HOLOCAUST",32.84,16,G,0.990000,29.990000,Documentary
"BROTHERHOOD BLANKET",101.74,26,R,0.990000,26.990000,Documentary
"CAUSE DATE",128.79,21,R,2.990000,16.990000,Documentary
"CHICKEN HELLFIGHTERS",68.78,22,PG,0.990000,24.990000,Documentary
"CIDER DESIRE",62.81,19,PG,2.990000,9.990000,Documentary
"CLERKS ANGELS",50.93,7,G,4.990000,15.990000,Documentary
"COAST RAINBOW",42.79,21,PG,0.990000,20.990000,Documentary
"CUPBOARD SINNERS",106.77,23,R,2.990000,29.990000,Documentary
"DANCING FEVER",55.73,27,G,0.990000,25.990000,Documentary
"DEEP CRUSADE",80.86,14,PG-13,4.990000,20.990000,Documentary
"DOZEN LION",36.93,7,NC-17,4.990000,20.990000,Documentary
"DUFFEL APOCALYPSE",6.93,7,G,0.990000,13.990000,Documentary
"EGG IGBY",105.79,21,PG,2.990000,20.990000,Documentary
"EXPENDABLE STALLION",97.72,28,PG,0.990000,14.990000,Documentary
"FRENCH HOLIDAY",102.83,17,PG,4.990000,22.990000,Documentary
"HALLOWEEN NUTS",35.90,10,PG-13,2.990000,19.990000,Documentary
"HARDLY ROBBERS",15.96,4,R,2.990000,15.990000,Documentary
"HAWK CHILL",15.93,7,PG-13,0.990000,12.990000,Documentary
"HEAVYWEIGHTS BEAST",129.77,23,G,4.990000,25.990000,Documentary
"HOMEWARD CIDER",23.84,16,R,0.990000,19.990000,Documentary
"HUNTER ALTER",24.95,5,PG-13,2.990000,21.990000,Documentary
"INDEPENDENCE HOTEL",38.81,19,NC-17,0.990000,21.990000,Documentary
"INTOLERABLE INTENTIONS",49.91,9,PG-13,4.990000,20.990000,Documentary
"MADISON TRAP",76.85,15,R,2.990000,11.990000,Documentary
"MAJESTIC FLOATS",43.83,17,PG,0.990000,15.990000,Documentary
"METAL ARMAGEDDON",103.75,25,PG-13,2.990000,26.990000,Documentary
"MIDSUMMER GROUNDHOG",156.78,22,G,4.990000,27.990000,Documentary
"MIGHTY LUCK",38.88,12,PG,2.990000,13.990000,Documentary
"MOD SECRETARY",61.89,11,NC-17,4.990000,20.990000,Documentary
"MODERN DORADO",49.85,15,PG,0.990000,20.990000,Documentary
"NATIONAL STORY",82.81,19,NC-17,2.990000,19.990000,Documentary
"NEWSIES STORY",22.93,7,G,0.990000,25.990000,Documentary
"NORTH TEQUILA",65.89,11,NC-17,4.990000,9.990000,Documentary
"NOTORIOUS REUNION",25.86,14,NC-17,0.990000,9.990000,Documentary
"PACIFIC AMISTAD",62.76,24,G,0.990000,27.990000,Documentary
"PELICAN COMFORTS",188.74,26,PG,4.990000,17.990000,Documentary
"POCUS PULP",43.74,26,NC-17,0.990000,15.990000,Documentary
"PRINCESS GIANT",142.74,27,NC-17,2.990000,29.990000,Documentary
"QUILLS BULL",100.84,16,R,4.990000,19.990000,Documentary
"ROAD ROXANNE",130.81,19,R,4.990000,12.990000,Documentary
"SAGEBRUSH CLUELESS",91.84,16,G,2.990000,28.990000,Documentary
"SECRET GROUNDHOG",116.79,21,PG,4.990000,11.990000,Documentary
"SHIP WONDERLAND",47.85,15,R,2.990000,15.990000,Documentary
"SHOW LORD",170.75,25,PG-13,4.990000,24.990000,Documentary
"SMOKING BARBARELLA",18.83,18,PG-13,0.990000,13.990000,Documentary
"SPOILERS HELLFIGHTERS",20.90,10,G,0.990000,26.990000,Documentary
"STREAK RIDGEMONT",24.84,16,PG-13,0.990000,28.990000,Documentary
"THIN SAGEBRUSH",73.89,11,PG-13,4.990000,9.990000,Documentary
"UNITED PILOT",55.83,17,R,0.990000,27.990000,Documentary
"UNTOUCHABLES SUNRISE",35.92,8,NC-17,2.990000,11.990000,Documentary
"VIRGINIAN PLUTO",51.71,29,R,0.990000,22.990000,Documentary
"WAGON JAWS",38.90,10,PG,2.990000,17.990000,Documentary
"WARS PLUTO",42.90,10,G,2.990000,15.990000,Documentary
"WEDDING APOLLO",81.76,24,PG,0.990000,14.990000,Documentary
"WIFE TURN",223.69,31,NC-17,4.990000,27.990000,Documentary
"WRATH MILE",23.86,14,NC-17,0.990000,17.990000,Documentary
"YOUNG LANGUAGE",6.93,7,G,0.990000,9.990000,Documentary
"BEAUTY GREASE",132.78,22,G,4.990000,28.990000,Drama
"BEETHOVEN EXORCIST",16.89,11,PG-13,0.990000,26.990000,Drama
"BLADE POLISH",34.79,22,PG-13,0.990000,10.990000,Drama
"BRIGHT ENCOUNTERS",92.87,13,PG-13,4.990000,12.990000,Drama
"BUNCH MINDS",25.95,5,G,2.990000,13.990000,Drama
"CHILL LUCK",32.78,22,PG,0.990000,17.990000,Drama
"CHITTY LOCK",28.92,8,G,2.990000,24.990000,Drama
"CONEHEADS SMOOCHY",136.75,25,NC-17,4.990000,12.990000,Drama
"CONFESSIONS MAGUIRE",75.86,14,PG-13,4.990000,25.990000,Drama
"CONQUERER NUTS",99.84,16,G,4.990000,14.990000,Drama
"CRAFT OUTFIELD",20.84,16,NC-17,0.990000,17.990000,Drama
"DALMATIONS SWEDEN",58.80,20,PG,0.990000,25.990000,Drama
"DARKNESS WAR",48.87,13,NC-17,2.990000,24.990000,Drama
"DECEIVER BETRAYED",25.79,21,NC-17,0.990000,22.990000,Drama
"DESTINATION JERK",31.92,8,PG-13,0.990000,19.990000,Drama
"DIARY PANIC",27.91,9,G,2.990000,20.990000,Drama
"EDGE KISSING",92.85,15,NC-17,4.990000,9.990000,Drama
"ENCOUNTERS CURTAIN",39.81,19,NC-17,0.990000,20.990000,Drama
"GOLDFINGER SENSIBILITY",81.76,24,G,0.990000,29.990000,Drama
"GONE TROUBLE",35.90,10,R,2.990000,20.990000,Drama
"GREEDY ROOTS",15.86,14,R,0.990000,14.990000,Drama
"HANGING DEEP",113.81,19,G,4.990000,18.990000,Drama
"HAROLD FRENCH",9.92,8,NC-17,0.990000,10.990000,Drama
"HARRY IDAHO",195.70,30,PG-13,4.990000,18.990000,Drama
"HOBBIT ALIEN",81.69,31,PG-13,0.990000,27.990000,Drama
"HUNCHBACK IMPOSSIBLE",134.80,20,PG-13,4.990000,28.990000,Drama
"JACKET FRISCO",77.82,18,PG-13,2.990000,16.990000,Drama
"KWAI HOMEWARD",50.77,23,PG-13,0.990000,25.990000,Drama
"LEBOWSKI SOLDIERS",72.79,21,PG-13,2.990000,17.990000,Drama
"LIES TREATMENT",147.73,27,NC-17,4.990000,28.990000,Drama
"LUCK OPUS",30.90,10,NC-17,2.990000,21.990000,Drama
"MOB DUFFEL",34.88,12,G,0.990000,25.990000,Drama
"NECKLACE OUTBREAK",43.85,15,PG,0.990000,21.990000,Drama
"NOTTING SPEAKEASY",13.90,10,PG-13,0.990000,19.990000,Drama
"ORIENT CLOSER",80.83,17,R,2.990000,22.990000,Drama
"PATHS CONTROL",81.90,10,PG,4.990000,9.990000,Drama
"PAYCHECK WAIT",101.84,16,PG-13,4.990000,27.990000,Drama
"PITY BOUND",153.74,26,NC-17,4.990000,19.990000,Drama
"QUEEN LUKE",136.78,22,PG,4.990000,22.990000,Drama
"RACER EGG",57.82,18,NC-17,2.990000,19.990000,Drama
"REUNION WITCHES",53.80,20,R,0.990000,26.990000,Drama
"ROCKY WAR",107.84,16,PG-13,4.990000,17.990000,Drama
"SAINTS BRIDE",31.92,8,G,2.990000,11.990000,Drama
"SAVANNAH TOWN",28.88,12,PG-13,0.990000,25.990000,Drama
"SCORPION APOLLO",168.77,23,NC-17,4.990000,23.990000,Drama
"SEA VIRGIN",97.78,22,PG,2.990000,24.990000,Drama
"SEATTLE EXPECATIONS",163.75,24,PG-13,4.990000,18.990000,Drama
"SHOOTIST SUPERFLY",37.76,24,PG-13,0.990000,22.990000,Drama
"SLACKER LIAISONS",91.83,17,R,4.990000,29.990000,Drama
"SOMETHING DUCK",127.81,19,NC-17,4.990000,17.990000,Drama
"SPICE SORORITY",115.80,20,NC-17,4.990000,22.990000,Drama
"TENENBAUMS COMMAND",20.87,13,PG-13,0.990000,24.990000,Drama
"TORQUE BOUND",198.72,27,G,4.990000,27.990000,Drama
"TRANSLATION SUMMER",33.85,15,PG-13,0.990000,10.990000,Drama
"TREATMENT JEKYLL",12.93,7,PG,0.990000,19.990000,Drama
"UNFAITHFUL KILL",26.92,8,R,2.990000,12.990000,Drama
"VIETNAM SMOOCHY",22.85,15,PG-13,0.990000,27.990000,Drama
"VIRGIN DAISY",93.83,17,PG-13,4.990000,29.990000,Drama
"WARDROBE PHANTOM",93.73,27,G,2.990000,19.990000,Drama
"WEST LION",104.84,16,G,4.990000,29.990000,Drama
"WITCHES PANIC",173.70,30,NC-17,4.990000,10.990000,Drama
"AFRICAN EGG",51.88,12,G,2.990000,22.990000,Family
"APACHE DIVINE",178.69,31,NC-17,4.990000,16.990000,Family
"ATLANTIS CAUSE",87.76,24,G,2.990000,15.990000,Family
"BAKED CLEOPATRA",79.84,16,G,2.990000,20.990000,Family
"BANG KWAI",22.93,7,NC-17,2.990000,25.990000,Family
"BEDAZZLED MARRIED",16.87,13,PG,0.990000,21.990000,Family
"BILKO ANONYMOUS",102.87,13,PG-13,4.990000,25.990000,Family
"BLANKET BEVERLY",40.88,12,G,2.990000,21.990000,Family
"BLOOD ARGONAUTS",38.90,10,G,0.990000,13.990000,Family
"BLUES INSTINCT",84.79,21,G,2.990000,18.990000,Family
"BRAVEHEART HUMAN",16.95,5,PG-13,2.990000,14.990000,Family
"CHASING FIGHT",110.81,20,PG,4.990000,21.990000,Family
"CHISUM BEHAVIOR",73.87,13,G,4.990000,25.990000,Family
"CHOCOLAT HARRY",52.80,20,NC-17,0.990000,16.990000,Family
"CONFUSED CANDLES",102.83,17,PG-13,2.990000,27.990000,Family
"CONVERSATION DOWNHILL",114.83,17,R,4.990000,14.990000,Family
"DATE SPEED",45.87,13,R,0.990000,19.990000,Family
"DINOSAUR SECRETARY",70.80,20,R,2.990000,27.990000,Family
"DUMBO LUST",13.94,6,NC-17,0.990000,17.990000,Family
"EARRING INSTINCT",62.81,19,R,0.990000,22.990000,Family
"EFFECT GLADIATOR",53.75,25,PG,0.990000,14.990000,Family
"FEUD FROGMEN",39.75,25,R,0.990000,29.990000,Family
"FINDING ANACONDA",28.88,12,R,0.990000,10.990000,Family
"GABLES METROPOLIS",57.81,19,PG,0.990000,17.990000,Family
"GANDHI KWAI",22.83,17,PG-13,0.990000,9.990000,Family
"GREASE YOUTH",28.79,21,G,0.990000,20.990000,Family
"HALF OUTFIELD",91.75,26,PG-13,2.990000,25.990000,Family
"HOMICIDE PEACH",74.78,22,PG-13,2.990000,21.990000,Family
"HOUSE DYNAMITE",74.77,23,R,2.990000,13.990000,Family
"HUNTING MUSKETEERS",53.85,15,NC-17,2.990000,24.990000,Family
"INDIAN LOVE",50.84,16,NC-17,0.990000,26.990000,Family
"JASON TRAP",100.76,24,NC-17,2.990000,9.990000,Family
"JEDI BENEATH",21.81,19,PG,0.990000,12.990000,Family
"KILLER INNOCENT",21.94,6,R,2.990000,11.990000,Family
"KING EVOLUTION",66.91,9,NC-17,4.990000,24.990000,Family
"LOLITA WORLD",48.90,10,NC-17,2.990000,25.990000,Family
"LOUISIANA HARRY",29.83,17,PG-13,0.990000,18.990000,Family
"MAGUIRE APACHE",33.91,9,NC-17,2.990000,22.990000,Family
"MANCHURIAN CURTAIN",64.85,15,PG,2.990000,27.990000,Family
"MOVIE SHAKESPEARE",145.74,27,PG,4.990000,27.990000,Family
"MUSIC BOONDOCK",22.81,19,R,0.990000,17.990000,Family
"NATURAL STOCK",32.87,13,PG-13,0.990000,24.990000,Family
"NETWORK PEAK",133.69,31,PG-13,2.990000,23.990000,Family
"ODDS BOOGIE",23.85,15,NC-17,0.990000,14.990000,Family
"OPPOSITE NECKLACE",66.87,13,PG,4.990000,9.990000,Family
"PILOT HOOSIERS",57.84,16,PG,2.990000,17.990000,Family
"PITTSBURGH HUNCHBACK",88.88,12,PG-13,4.990000,17.990000,Family
"PRESIDENT BANG",40.93,7,PG,4.990000,12.990000,Family
"PRIX UNDEFEATED",42.89,11,R,2.990000,13.990000,Family
"RAGE GAMES",119.81,19,R,4.990000,18.990000,Family
"RANGE MOONWALKER",179.73,27,PG,4.990000,25.990000,Family
"REMEMBER DIARY",73.82,18,R,2.990000,15.990000,Family
"RESURRECTION SILVERADO",26.79,21,PG,0.990000,12.990000,Family
"ROBBERY BRIGHT",39.87,13,R,0.990000,21.990000,Family
"RUSH GOODFELLAS",88.69,31,PG,0.990000,20.990000,Family
"SECRETS PARADISE",152.80,20,G,4.990000,24.990000,Family
"SENSIBILITY REAR",52.90,10,PG,4.990000,15.990000,Family
"SIEGE MADRE",17.85,15,R,0.990000,23.990000,Family
"SLUMS DUCK",55.76,24,PG,0.990000,21.990000,Family
"SOUP WISDOM",12.92,8,R,0.990000,12.990000,Family
"SPARTACUS CHEAPER",60.91,9,NC-17,4.990000,19.990000,Family
"SPINAL ROCKY",39.87,13,PG-13,2.990000,12.990000,Family
"SPLASH GUMP",33.86,14,PG,0.990000,16.990000,Family
"SUNSET RACER",12.92,8,NC-17,0.990000,28.990000,Family
"SUPER WYOMING",86.87,13,PG,4.990000,10.990000,Family
"VIRTUAL SPOILERS",117.86,14,NC-17,4.990000,14.990000,Family
"WILLOW TRACY",58.84,16,R,2.990000,22.990000,Family
"AGENT TRUMAN",126.79,21,PG,2.990000,17.990000,Foreign
"ALAMO VIDEOTAPE",35.76,24,G,0.990000,16.990000,Foreign
"ALIEN CENTER",90.78,22,NC-17,2.990000,10.990000,Foreign
"ALLEY EVOLUTION",52.86,14,NC-17,2.990000,23.990000,Foreign
"BABY HALL",45.92,8,NC-17,4.990000,23.990000,Foreign
"BALLROOM MOCKINGBIRD",10.92,8,G,0.990000,29.990000,Foreign
"BROOKLYN DESERT",116.79,21,R,4.990000,21.990000,Foreign
"BUGSY SONG",55.89,11,G,2.990000,17.990000,Foreign
"CALENDAR GUNFIGHT",141.79,21,NC-17,4.990000,22.990000,Foreign
"COMMAND DARLING",107.84,16,PG-13,4.990000,28.990000,Foreign
"COWBOY DOOM",28.93,7,PG,2.990000,10.990000,Foreign
"CYCLONE FAMILY",48.86,15,PG,2.990000,18.990000,Foreign
"DANGEROUS UPTOWN",66.88,12,PG,4.990000,26.990000,Foreign
"DOUBTFIRE LABYRINTH",57.90,10,R,4.990000,16.990000,Foreign
"EVERYONE CRAFT",24.87,13,PG,0.990000,29.990000,Foreign
"FICTION CHRISTMAS",58.81,19,PG,0.990000,14.990000,Foreign
"FRIDA SLIPPER",40.90,11,R,2.990000,11.990000,Foreign
"GENTLEMEN STAGE",81.77,23,NC-17,2.990000,22.990000,Foreign
"GRAPES FURY",56.77,22,G,0.990000,20.990000,Foreign
"GREEK EVERYONE",55.83,17,PG,2.990000,11.990000,Foreign
"HAPPINESS UNITED",22.94,6,G,2.990000,23.990000,Foreign
"HELLFIGHTERS SIERRA",97.80,20,PG,2.990000,23.990000,Foreign
"HIGHBALL POTTER",32.79,21,R,0.990000,10.990000,Foreign
"HOLIDAY GAMES",82.85,15,PG-13,4.990000,10.990000,Foreign
"HOOSIERS BIRDCAGE",41.92,8,G,2.990000,12.990000,Foreign
"HOTEL HAPPINESS",46.91,9,PG-13,4.990000,28.990000,Foreign
"HUNGER ROOF",22.87,13,G,0.990000,21.990000,Foreign
"ILLUSION AMELIE",39.85,15,R,0.990000,15.990000,Foreign
"IMPOSSIBLE PREJUDICE",74.86,14,NC-17,4.990000,11.990000,Foreign
"INFORMER DOUBLE",27.95,5,NC-17,4.990000,23.990000,Foreign
"INNOCENT USUAL",191.74,26,PG-13,4.990000,26.990000,Foreign
"INTRIGUE WORST",37.80,20,G,0.990000,10.990000,Foreign
"JET NEIGHBORS",109.80,20,R,4.990000,14.990000,Foreign
"KANE EXORCIST",20.86,14,R,0.990000,18.990000,Foreign
"KISS GLORY",132.78,22,PG-13,4.990000,11.990000,Foreign
"LOSE INCH",81.73,27,R,0.990000,18.990000,Foreign
"LOST BIRD",64.88,12,PG-13,2.990000,21.990000,Foreign
"MADNESS ATTACKS",73.75,25,PG-13,0.990000,14.990000,Foreign
"MATRIX SNOWMAN",45.91,9,PG-13,4.990000,9.990000,Foreign
"MAUDE MOD",11.92,8,R,0.990000,20.990000,Foreign
"MEET CHOCOLATE",65.88,12,G,2.990000,26.990000,Foreign
"MIXED DOORS",15.96,4,PG-13,2.990000,26.990000,Foreign
"MOON BUNCH",38.71,29,PG,0.990000,20.990000,Foreign
"MULHOLLAND BEAST",21.93,7,PG,2.990000,13.990000,Foreign
"NEWTON LABYRINTH",47.83,17,PG,0.990000,9.990000,Foreign
"OPUS ICE",65.89,11,R,4.990000,21.990000,Foreign
"ORANGE GRAPES",67.76,24,PG-13,0.990000,21.990000,Foreign
"PAST SUICIDES",72.87,13,PG-13,4.990000,17.990000,Foreign
"PET HAUNTING",26.92,8,PG,0.990000,11.990000,Foreign
"POLLOCK DELIVERANCE",69.81,18,PG,2.990000,14.990000,Foreign
"PURPLE MOVIE",55.87,13,R,2.990000,9.990000,Foreign
"RESERVOIR ADAPTATION",34.90,10,PG-13,2.990000,29.990000,Foreign
"ROCKETEER MOTHER",116.67,33,PG-13,0.990000,27.990000,Foreign
"SCHOOL JACKET",35.94,6,PG-13,4.990000,21.990000,Foreign
"SCISSORHANDS SLUMS",53.85,15,G,2.990000,13.990000,Foreign
"SHOCK CABIN",99.70,30,PG-13,2.990000,15.990000,Foreign
"SHREK LICENSE",46.85,15,PG-13,2.990000,15.990000,Foreign
"SORORITY QUEEN",19.88,12,NC-17,0.990000,17.990000,Foreign
"STEPMOM DREAM",104.80,20,NC-17,4.990000,9.990000,Foreign
"TOWN ARK",49.86,14,R,2.990000,17.990000,Foreign
"TRAP GUYS",126.84,16,G,4.990000,11.990000,Foreign
"USUAL UNTOUCHABLES",70.87,13,PG-13,4.990000,21.990000,Foreign
"VISION TORQUE",15.93,7,PG-13,0.990000,16.990000,Foreign
"WAR NOTTING",65.88,12,G,4.990000,26.990000,Foreign
"WASH HEAVENLY",119.77,23,R,4.990000,22.990000,Foreign
"WHALE BIKINI",134.82,18,PG-13,4.990000,11.990000,Foreign
"WONDERFUL DROP",55.91,9,NC-17,2.990000,20.990000,Foreign
"AUTUMN CROW",84.89,11,G,4.990000,13.990000,Games
"BULWORTH COMMANDMENTS",32.93,7,G,2.990000,14.990000,Games
"CANDLES GRAPES",128.77,23,NC-17,4.990000,15.990000,Games
"CHICAGO NORTH",89.84,16,PG-13,4.990000,11.990000,Games
"CREATURES SHAKESPEARE",56.84,16,NC-17,0.990000,23.990000,Games
"CURTAIN VIDEOTAPE",38.74,27,PG-13,0.990000,27.990000,Games
"DARLING BREAKING",49.91,9,PG-13,4.990000,20.990000,Games
"DAWN POND",128.82,18,PG,4.990000,27.990000,Games
"DETAILS PACKER",133.81,19,R,4.990000,17.990000,Games
"DIRTY ACE",55.85,15,NC-17,2.990000,29.990000,Games
"DIVINE RESURRECTION",64.85,15,R,2.990000,19.990000,Games
"DWARFS ALTER",31.91,9,G,2.990000,13.990000,Games
"ENCINO ELF",27.81,19,G,0.990000,9.990000,Games
"FANTASIA PARK",73.81,19,G,2.990000,29.990000,Games
"FEATHERS METAL",41.89,11,PG-13,0.990000,12.990000,Games
"FEVER EMPIRE",33.95,5,R,4.990000,20.990000,Games
"FIRE WOLVES",39.93,7,R,4.990000,18.990000,Games
"FORWARD TEMPLE",128.68,32,NC-17,2.990000,25.990000,Games
"GATHERING CALENDAR",24.89,11,PG-13,0.990000,22.990000,Games
"GLORY TRACY",14.95,5,PG-13,2.990000,13.990000,Games
"GRINCH MASSAGE",76.86,14,R,4.990000,25.990000,Games
"GRIT CLOCKWORK",110.68,32,PG,0.990000,21.990000,Games
"GUN BONNIE",37.75,25,G,0.990000,27.990000,Games
"HAUNTING PIANIST",52.78,22,R,0.990000,22.990000,Games
"HEAD STRANGER",152.78,22,R,4.990000,28.990000,Games
"HUMAN GRAFFITI",80.85,15,NC-17,2.990000,22.990000,Games
"ICE CROSSING",100.76,24,R,2.990000,28.990000,Games
"JERICHO MULAN",98.83,17,NC-17,2.990000,29.990000,Games
"LADYBUGS ARMAGEDDON",17.94,6,NC-17,0.990000,13.990000,Games
"LAMBS CINCINATTI",57.90,10,PG-13,4.990000,18.990000,Games
"MADRE GABLES",52.86,14,PG-13,2.990000,27.990000,Games
"MALTESE HOPE",123.78,22,PG-13,4.990000,26.990000,Games
"MARS ROMAN",32.81,19,NC-17,0.990000,21.990000,Games
"MASSACRE USUAL",179.70,30,R,4.990000,16.990000,Games
"MONSOON CAUSE",54.91,9,PG,4.990000,20.990000,Games
"MOONSHINE CABIN",141.79,21,PG-13,4.990000,25.990000,Games
"MOONWALKER FOOL",88.87,13,G,4.990000,12.990000,Games
"NAME DETECTIVE",136.77,23,PG-13,4.990000,11.990000,Games
"NIGHTMARE CHILL",169.75,25,PG,4.990000,25.990000,Games
"OUTBREAK DIVINE",39.77,23,NC-17,0.990000,12.990000,Games
"PANKY SUBMARINE",110.85,15,G,4.990000,19.990000,Games
"PIZZA JUMANJI",28.93,7,NC-17,2.990000,11.990000,Games
"PRIVATE DROP",26.95,5,PG,4.990000,26.990000,Games
"ROUGE SQUAD",53.82,18,NC-17,0.990000,10.990000,Games
"ROXANNE REBEL",33.81,19,R,0.990000,9.990000,Games
"SASSY PACKER",15.87,13,G,0.990000,29.990000,Games
"SEVEN SWARM",30.95,5,R,4.990000,15.990000,Games
"SLEUTH ORIENT",53.79,21,NC-17,0.990000,25.990000,Games
"SPY MILE",94.73,27,PG-13,2.990000,13.990000,Games
"STAMPEDE DISTURBING",32.86,14,R,0.990000,26.990000,Games
"STATE WASTELAND",61.88,13,NC-17,2.990000,13.990000,Games
"SUIT WALLS",147.79,21,R,4.990000,12.990000,Games
"TYCOON GATHERING",103.88,12,G,4.990000,17.990000,Games
"VANILLA DAY",52.91,9,NC-17,4.990000,20.990000,Games
"VIDEOTAPE ARSENIC",178.71,29,NC-17,4.990000,10.990000,Games
"VOLCANO TEXAS",36.78,22,NC-17,0.990000,27.990000,Games
"WANDA CHAMBER",86.84,16,PG-13,4.990000,23.990000,Games
"WIND PHANTOM",38.77,23,R,0.990000,12.990000,Games
"ACE GOLDFINGER",52.93,7,G,4.990000,12.990000,Horror
"AFFAIR PREJUDICE",91.77,23,G,2.990000,26.990000,Horror
"AIRPORT POLLOCK",102.82,18,R,4.990000,15.990000,Horror
"ALABAMA DEVIL",71.88,12,PG-13,2.990000,21.990000,Horror
"ALI FOREVER",54.91,9,PG,4.990000,21.990000,Horror
"ANALYZE HOOSIERS",55.86,14,R,2.990000,19.990000,Horror
"ANYTHING SAVANNAH",46.91,9,R,2.990000,27.990000,Horror
"ARABIA DOGMA",22.87,13,NC-17,0.990000,29.990000,Horror
"ARACHNOPHOBIA ROLLERCOASTER",114.76,24,PG-13,2.990000,24.990000,Horror
"BEHAVIOR RUNAWAY",100.87,13,PG,4.990000,20.990000,Horror
"BOWFINGER GABLES",56.89,11,NC-17,4.990000,19.990000,Horror
"CARRIE BUNCH",34.77,23,PG,0.990000,11.990000,Horror
"DESERT POSEIDON",118.81,19,R,4.990000,27.990000,Horror
"DRUMS DYNAMITE",24.87,13,PG,0.990000,11.990000,Horror
"EGYPT TENENBAUMS",72.83,17,PG,0.990000,11.990000,Horror
"ELEPHANT TROJAN",89.86,14,PG-13,4.990000,24.990000,Horror
"FAMILY SWEET",70.70,29,R,0.990000,24.990000,Horror
"FIDELITY DEVIL",138.79,21,G,4.990000,11.990000,Horror
"FREDDY STORM",126.77,23,NC-17,4.990000,21.990000,Horror
"GASLIGHT CRUSADE",62.84,16,PG,2.990000,10.990000,Horror
"HIGH ENCINO",120.78,22,R,2.990000,23.990000,Horror
"JAPANESE RUN",7.94,6,G,0.990000,29.990000,Horror
"KARATE MOON",58.77,23,PG-13,0.990000,21.990000,Horror
"LADY STAGE",118.83,17,PG,4.990000,14.990000,Horror
"LOLA AGENT",159.76,24,PG,4.990000,24.990000,Horror
"LOVE SUICIDES",35.80,20,R,0.990000,21.990000,Horror
"MONTEREY LABYRINTH",21.87,13,G,0.990000,13.990000,Horror
"MOTIONS DETAILS",32.85,16,PG,0.990000,16.990000,Horror
"PANIC CLUB",51.93,7,G,4.990000,15.990000,Horror
"PARIS WEEKEND",46.86,14,PG-13,2.990000,19.990000,Horror
"PATTON INTERVIEW",102.77,23,PG,2.990000,22.990000,Horror
"PULP BEVERLY",136.70,30,G,2.990000,12.990000,Horror
"REAP UNFAITHFUL",62.84,16,PG-13,2.990000,26.990000,Horror
"REEF SALUTE",23.89,11,NC-17,0.990000,26.990000,Horror
"ROCK INSTINCT",48.83,17,G,0.990000,28.990000,Horror
"ROLLERCOASTER BRINGING",45.90,10,PG-13,2.990000,13.990000,Horror
"RULES HUMAN",101.84,16,R,4.990000,19.990000,Horror
"SIMON NORTH",18.94,6,NC-17,0.990000,26.990000,Horror
"SINNERS ATLANTIS",73.78,22,PG-13,2.990000,19.990000,Horror
"SLEEPING SUSPECTS",131.76,24,PG-13,4.990000,13.990000,Horror
"SPIRIT FLINTSTONES",15.85,15,R,0.990000,23.990000,Horror
"STRANGERS GRAFFITI",123.83,17,R,4.990000,22.990000,Horror
"STREETCAR INTENTIONS",148.75,25,R,4.990000,11.990000,Horror
"SWARM GOLD",71.73,27,PG-13,0.990000,12.990000,Horror
"TARZAN VIDEOTAPE",40.92,8,PG-13,2.990000,11.990000,Horror
"TEMPLE ATTRACTION",70.88,12,PG,4.990000,13.990000,Horror
"TEXAS WATCH",5.94,6,NC-17,0.990000,22.990000,Horror
"TRAIN BUNCH",24.96,4,R,4.990000,26.990000,Horror
"UNDEFEATED DALMATIONS",114.79,21,PG-13,4.990000,22.990000,Horror
"WATERSHIP FRONTIER",13.94,6,G,0.990000,28.990000,Horror
"WORLD LEATHERNECKS",24.92,8,PG-13,0.990000,13.990000,Horror
"YENTL IDAHO",135.77,23,R,4.990000,11.990000,Horror
"ZHIVAGO CORE",14.91,9,NC-17,0.990000,10.990000,Horror
"ALASKA PHANTOM",44.74,26,PG,0.990000,22.990000,Music
"ALONE TRIP",62.82,18,R,0.990000,14.990000,Music
"AMELIE HELLFIGHTERS",67.90,10,R,4.990000,23.990000,Music
"BALLOON HOMEWARD",98.77,23,NC-17,2.990000,10.990000,Music
"BANGER PINOCCHIO",42.78,22,R,0.990000,15.990000,Music
"BIRCH ANTITRUST",74.89,11,PG,4.990000,18.990000,Music
"BIRDCAGE CASPER",23.91,9,NC-17,0.990000,23.990000,Music
"BOOGIE AMELIE",163.70,29,R,4.990000,11.990000,Music
"CHAMBER ITALIAN",65.88,13,NC-17,4.990000,14.990000,Music
"CLONES PINOCCHIO",65.81,19,R,2.990000,16.990000,Music
"CLUE GRAIL",40.93,7,NC-17,4.990000,27.990000,Music
"CONFIDENTIAL INTERVIEW",164.71,29,NC-17,4.990000,13.990000,Music
"DEER VIRGINIAN",96.72,29,NC-17,2.990000,13.990000,Music
"DORADO NOTTING",176.73,27,NC-17,4.990000,26.990000,Music
"DRIVING POLISH",115.79,21,NC-17,4.990000,21.990000,Music
"ELF MURDER",39.93,7,NC-17,4.990000,19.990000,Music
"ENEMY ODDS",180.71,29,NC-17,4.990000,23.990000,Music
"FREAKY POCUS",52.83,17,R,2.990000,16.990000,Music
"GO PURPLE",54.80,20,R,0.990000,12.990000,Music
"GREATEST NORTH",109.71,29,NC-17,2.990000,24.990000,Music
"GROSSE WONDERFUL",46.92,8,R,4.990000,19.990000,Music
"HANOVER GALAXY",98.83,17,NC-17,4.990000,21.990000,Music
"HEAVENLY GUN",41.93,7,NC-17,4.990000,13.990000,Music
"HOME PITY",79.86,14,R,4.990000,15.990000,Music
"IMPACT ALADDIN",20.91,9,PG-13,0.990000,20.990000,Music
"INSIDER ARIZONA",73.80,20,NC-17,2.990000,17.990000,Music
"JAWBREAKER BROOKLYN",11.90,10,PG,0.990000,15.990000,Music
"LEGEND JEDI",13.91,9,PG,0.990000,18.990000,Music
"LUCKY FLYING",43.87,13,PG-13,2.990000,10.990000,Music
"MASKED BUBBLE",25.80,20,PG-13,0.990000,12.990000,Music
"MINORITY KISS",27.89,12,G,0.990000,16.990000,Music
"MONSTER SPARTACUS",51.85,15,PG,2.990000,28.990000,Music
"OLEANDER CLUE",29.90,10,PG,0.990000,12.990000,Music
"OUTFIELD MASSACRE",59.80,20,NC-17,0.990000,18.990000,Music
"PERSONAL LADYBUGS",49.86,14,PG-13,0.990000,19.990000,Music
"REBEL AIRPORT",7.92,8,G,0.990000,24.990000,Music
"REDS POCUS",52.91,9,PG-13,4.990000,23.990000,Music
"ROMAN PUNK",29.76,24,NC-17,0.990000,28.990000,Music
"RUNNER MADIGAN",14.92,8,NC-17,0.990000,27.990000,Music
"SCALAWAG DUCK",172.68,32,NC-17,4.990000,13.990000,Music
"SILENCE KANE",16.84,16,R,0.990000,23.990000,Music
"SONG HEDWIG",34.89,11,PG-13,0.990000,29.990000,Music
"TAXI KICK",34.83,17,PG-13,0.990000,23.990000,Music
"TELEGRAPH VOYAGE",231.73,27,PG,4.990000,20.990000,Music
"TERMINATOR CLUB",39.94,6,R,4.990000,11.990000,Music
"UNCUT SUICIDES",45.86,14,PG-13,2.990000,29.990000,Music
"VANISHING ROCKY",87.82,18,NC-17,2.990000,21.990000,Music
"WIZARD COLDBLOODED",97.84,16,PG,4.990000,12.990000,Music
"WON DARES",28.91,9,PG,2.990000,18.990000,Music
"WORDS HUNTER",82.84,16,PG,2.990000,13.990000,Music
"YOUTH KICK",16.94,6,NC-17,0.990000,14.990000,Music
"AMISTAD MIDSUMMER",70.79,21,G,2.990000,10.990000,New
"ANGELS LIFE",119.78,22,G,2.990000,15.990000,New
"APOCALYPSE FLAMINGOS",30.94,6,R,4.990000,11.990000,New
"ATTRACTION NEWTON",146.76,24,PG-13,4.990000,14.990000,New
"BIRDS PERDITION",111.82,18,G,4.990000,15.990000,New
"BOULEVARD MOB",63.82,18,R,0.990000,11.990000,New
"BRANNIGAN SUNRISE",74.88,12,PG,4.990000,27.990000,New
"BREAKFAST GOLDFINGER",109.83,17,G,4.990000,18.990000,New
"BREAKING HOME",51.87,13,PG-13,2.990000,21.990000,New
"BUTTERFLY CHOCOLAT",123.70,30,G,0.990000,17.990000,New
"CHAPLIN LICENSE",23.92,8,NC-17,2.990000,26.990000,New
"CLEOPATRA DEVIL",29.83,18,PG-13,0.990000,26.990000,New
"CLYDE THEORY",23.92,8,PG-13,0.990000,29.990000,New
"DAY UNFAITHFUL",109.86,14,G,4.990000,16.990000,New
"DESTINY SATURDAY",96.84,16,G,4.990000,20.990000,New
"DRAGONFLY STRANGERS",103.82,18,NC-17,4.990000,19.990000,New
"EAGLES PANKY",152.78,22,NC-17,4.990000,14.990000,New
"EARTH VISION",34.77,23,NC-17,0.990000,29.990000,New
"ENDING CROWDS",18.89,11,NC-17,0.990000,10.990000,New
"EVE RESURRECTION",40.93,7,G,4.990000,25.990000,New
"FATAL HAUNTED",107.72,28,PG,2.990000,24.990000,New
"FLAMINGOS CONNECTICUT",139.77,23,PG-13,4.990000,28.990000,New
"FLASH WARS",92.87,13,NC-17,4.990000,21.990000,New
"FRONTIER CABIN",35.94,6,PG-13,4.990000,14.990000,New
"GODFATHER DIARY",37.92,8,NC-17,2.990000,14.990000,New
"HOURS RAGE",49.81,19,NC-17,0.990000,14.990000,New
"IDAHO LOVE",80.83,17,PG-13,2.990000,25.990000,New
"INTERVIEW LIAISONS",128.80,20,R,4.990000,17.990000,New
"JEKYLL FROGMEN",86.83,17,PG,2.990000,22.990000,New
"JUMANJI BLADE",30.92,8,G,2.990000,13.990000,New
"JUNGLE CLOSER",15.91,9,NC-17,0.990000,11.990000,New
"LOVERBOY ATTACKS",19.88,12,PG-13,0.990000,19.990000,New
"MAIDEN HOME",163.76,24,PG,4.990000,9.990000,New
"MANNEQUIN WORST",23.95,5,PG-13,2.990000,18.990000,New
"MASK PEACH",63.83,17,NC-17,2.990000,26.990000,New
"MINE TITANS",153.81,19,PG-13,4.990000,12.990000,New
"MONEY HAROLD",111.80,20,PG,2.990000,17.990000,New
"NUTS TIES",53.91,9,NC-17,4.990000,10.990000,New
"OKLAHOMA JUMANJI",5.94,6,PG,0.990000,15.990000,New
"PHANTOM GLORY",21.94,6,NC-17,2.990000,17.990000,New
"PIANIST OUTFIELD",38.78,21,NC-17,0.990000,25.990000,New
"PLATOON INSTINCT",45.91,9,PG-13,4.990000,10.990000,New
"PLUTO OLEANDER",88.84,16,R,4.990000,9.990000,New
"REDEMPTION COMFORTS",113.80,20,NC-17,2.990000,20.990000,New
"RIDGEMONT SUBMARINE",130.68,32,PG-13,0.990000,28.990000,New
"RUN PACIFIC",44.90,10,R,0.990000,25.990000,New
"RUNAWAY TENENBAUMS",12.92,8,NC-17,0.990000,17.990000,New
"SALUTE APOLLO",106.77,23,R,2.990000,29.990000,New
"SAMURAI LION",108.75,25,G,2.990000,21.990000,New
"SLEEPY JAPANESE",92.80,21,PG,2.990000,25.990000,New
"STING PERSONAL",159.79,21,NC-17,4.990000,9.990000,New
"STOCK GLASS",45.86,14,PG,2.990000,10.990000,New
"TROOPERS METAL",46.86,14,R,0.990000,20.990000,New
"UNBREAKABLE KARATE",82.79,21,G,0.990000,16.990000,New
"VAMPIRE WHALE",79.88,12,NC-17,4.990000,11.990000,New
"VANISHED GARDEN",14.94,7,R,0.990000,17.990000,New
"VARSITY TRIP",48.84,16,NC-17,2.990000,14.990000,New
"VOICE PEACH",33.81,19,PG-13,0.990000,22.990000,New
"WILD APOLLO",15.94,6,R,0.990000,24.990000,New
"WYOMING STORM",72.87,13,PG-13,4.990000,29.990000,New
"ANNIE IDENTITY",59.78,22,G,0.990000,15.990000,Sci-Fi
"ARMAGEDDON LOST",45.79,21,G,0.990000,10.990000,Sci-Fi
"ATTACKS HATE",101.84,16,PG-13,4.990000,21.990000,Sci-Fi
"BADMAN DAWN",76.79,21,R,2.990000,22.990000,Sci-Fi
"BARBARELLA STREETCAR",96.75,25,G,2.990000,27.990000,Sci-Fi
"BEVERLY OUTLAW",115.79,21,R,2.990000,21.990000,Sci-Fi
"BINGO TALENTED",131.71,29,PG-13,2.990000,22.990000,Sci-Fi
"BLINDNESS GUN",76.86,14,PG-13,4.990000,29.990000,Sci-Fi
"CAMELOT VACATION",101.73,27,NC-17,0.990000,26.990000,Sci-Fi
"CHAINSAW UPTOWN",33.79,21,PG,0.990000,25.990000,Sci-Fi
"CHARADE DUFFEL",80.85,15,PG,2.990000,21.990000,Sci-Fi
"CHARIOTS CONSPIRACY",71.79,21,R,2.990000,29.990000,Sci-Fi
"CHEAPER CLYDE",36.80,20,G,0.990000,23.990000,Sci-Fi
"CINCINATTI WHISPERER",87.87,13,NC-17,4.990000,26.990000,Sci-Fi
"CITIZEN SHREK",21.87,13,G,0.990000,18.990000,Sci-Fi
"COLDBLOODED DARLING",89.84,16,G,4.990000,27.990000,Sci-Fi
"CONNECTICUT TRAMP",90.87,13,R,4.990000,20.990000,Sci-Fi
"DAISY MENAGERIE",95.84,16,G,4.990000,9.990000,Sci-Fi
"DISTURBING SCARFACE",89.74,26,R,2.990000,27.990000,Sci-Fi
"DIVIDE MONSTER",67.79,21,PG-13,2.990000,13.990000,Sci-Fi
"DOLLS RAGE",30.91,9,PG-13,2.990000,10.990000,Sci-Fi
"ENGLISH BULWORTH",103.70,30,PG-13,0.990000,18.990000,Sci-Fi
"EXPRESS LONELY",49.87,13,R,2.990000,23.990000,Sci-Fi
"EYES DRIVING",83.81,19,PG-13,2.990000,13.990000,Sci-Fi
"FIDDLER LOST",64.90,10,R,4.990000,20.990000,Sci-Fi
"FISH OPUS",108.75,25,R,2.990000,22.990000,Sci-Fi
"FRISCO FORREST",53.91,9,PG,4.990000,23.990000,Sci-Fi
"GARDEN ISLAND",144.80,20,G,4.990000,21.990000,Sci-Fi
"GOLDMINE TYCOON",48.73,27,R,0.990000,20.990000,Sci-Fi
"GOODFELLAS SALUTE",209.69,31,PG,4.990000,22.990000,Sci-Fi
"GRAFFITI LOVE",81.70,30,PG,0.990000,29.990000,Sci-Fi
"GUYS FALCON",57.91,9,R,4.990000,20.990000,Sci-Fi
"HAMLET WISDOM",48.86,14,R,2.990000,21.990000,Sci-Fi
"HANKY OCTOBER",116.74,26,NC-17,2.990000,26.990000,Sci-Fi
"HOLLOW JEOPARDY",49.90,10,NC-17,4.990000,25.990000,Sci-Fi
"IDENTITY LOVER",59.87,13,PG-13,2.990000,12.990000,Sci-Fi
"LICENSE WEEKEND",22.93,7,NC-17,2.990000,28.990000,Sci-Fi
"MARRIED GO",98.70,30,G,2.990000,22.990000,Sci-Fi
"METROPOLIS COMA",131.74,26,PG-13,2.990000,9.990000,Sci-Fi
"MOURNING PURPLE",42.79,21,PG,0.990000,14.990000,Sci-Fi
"NEMO CAMPUS",59.86,14,NC-17,2.990000,23.990000,Sci-Fi
"NONE SPIKING",84.73,27,NC-17,0.990000,18.990000,Sci-Fi
"OPEN AFRICAN",113.79,21,PG,4.990000,16.990000,Sci-Fi
"PANTHER REDS",88.85,15,NC-17,4.990000,22.990000,Sci-Fi
"RAGING AIRPLANE",84.87,13,R,4.990000,18.990000,Sci-Fi
"RANDOM GO",31.91,9,NC-17,2.990000,29.990000,Sci-Fi
"REIGN GENTLEMEN",110.80,20,PG-13,2.990000,29.990000,Sci-Fi
"SILVERADO GOLDFINGER",91.88,12,PG,4.990000,11.990000,Sci-Fi
"SOLDIERS EVOLUTION",41.92,8,R,4.990000,27.990000,Sci-Fi
"SPIRITED CASUALTIES",19.89,11,PG-13,0.990000,20.990000,Sci-Fi
"STALLION SUNDANCE",8.93,7,PG-13,0.990000,23.990000,Sci-Fi
"SUN CONFESSIONS",53.75,25,R,0.990000,9.990000,Sci-Fi
"TITANS JERK",201.71,29,PG,4.990000,11.990000,Sci-Fi
"TROJAN TOMORROW",81.80,19,PG,2.990000,9.990000,Sci-Fi
"UNFORGIVEN ZOOLANDER",25.82,18,PG,0.990000,15.990000,Sci-Fi
"VACATION BOONDOCK",96.79,21,R,2.990000,23.990000,Sci-Fi
"WEEKEND PERSONAL",74.82,18,R,2.990000,26.990000,Sci-Fi
"WHISPERER GIANT",151.78,22,PG-13,4.990000,24.990000,Sci-Fi
"WONDERLAND CHRISTMAS",148.78,22,PG,4.990000,19.990000,Sci-Fi
"ALADDIN CALENDAR",131.77,23,NC-17,4.990000,24.990000,Sports
"ANONYMOUS HUMAN",17.87,13,NC-17,0.990000,12.990000,Sports
"ARTIST COLDBLOODED",69.84,16,NC-17,2.990000,10.990000,Sports
"BUBBLE GROSSE",35.94,6,R,4.990000,20.990000,Sports
"CALIFORNIA BIRDS",83.88,12,NC-17,4.990000,19.990000,Sports
"CARIBBEAN LIBERTY",71.91,9,NC-17,4.990000,16.990000,Sports
"CHANCE RESURRECTION",141.73,27,R,2.990000,22.990000,Sports
"CONGENIALITY QUEST",39.78,22,PG-13,0.990000,21.990000,Sports
"CRANES RESERVOIR",42.89,11,NC-17,2.990000,12.990000,Sports
"CRUSADE HONEY",47.92,8,R,2.990000,27.990000,Sports
"DIVORCE SHINING",33.93,7,G,2.990000,21.990000,Sports
"DRIVER ANNIE",69.82,18,PG-13,2.990000,11.990000,Sports
"DROP WATERFRONT",48.91,9,R,4.990000,20.990000,Sports
"DUDE BLINDNESS",110.84,16,G,4.990000,9.990000,Sports
"DURHAM PANKY",144.74,26,R,4.990000,14.990000,Sports
"ELIZABETH SHANE",51.90,10,NC-17,4.990000,11.990000,Sports
"EVOLUTION ALTER",26.88,12,PG-13,0.990000,10.990000,Sports
"EXORCIST STING",52.87,13,G,2.990000,17.990000,Sports
"FLATLINERS KILLER",90.78,22,G,2.990000,29.990000,Sports
"FLIGHT LIES",68.88,12,R,4.990000,22.990000,Sports
"GLEAMING JAWBREAKER",136.70,29,NC-17,2.990000,25.990000,Sports
"GRACELAND DYNAMITE",37.94,6,R,4.990000,26.990000,Sports
"GROOVE FICTION",41.82,18,NC-17,0.990000,13.990000,Sports
"GUNFIGHTER MUSSOLINI",68.88,12,PG-13,2.990000,9.990000,Sports
"HOLES BRANNIGAN",75.86,15,PG,4.990000,27.990000,Sports
"HONEY TIES",68.81,19,R,0.990000,29.990000,Sports
"HYSTERICAL GRAIL",87.85,15,PG,4.990000,19.990000,Sports
"IMAGE PRINCESS",76.86,14,PG-13,2.990000,17.990000,Sports
"INSTINCT AIRPORT",72.82,18,PG,2.990000,21.990000,Sports
"JADE BUNCH",62.82,18,NC-17,2.990000,21.990000,Sports
"JOON NORTHWEST",39.83,17,NC-17,0.990000,23.990000,Sports
"KRAMER CHOCOLATE",47.91,9,R,2.990000,24.990000,Sports
"LESSON CLEOPATRA",23.93,7,NC-17,0.990000,28.990000,Sports
"LIBERTY MAGNIFICENT",75.88,12,G,2.990000,27.990000,Sports
"LOSER HUSTLER",88.85,15,PG,4.990000,28.990000,Sports
"MERMAID INSECTS",99.84,16,NC-17,4.990000,20.990000,Sports
"MILE MULAN",41.87,13,PG,0.990000,10.990000,Sports
"MOSQUITO ARMAGEDDON",25.85,15,G,0.990000,22.990000,Sports
"MOTHER OLEANDER",69.86,14,R,0.990000,20.990000,Sports
"MUMMY CREATURES",58.84,16,NC-17,0.990000,15.990000,Sports
"MUSSOLINI SPOILERS",15.95,5,G,2.990000,10.990000,Sports
"NEIGHBORS CHARADE",72.81,19,R,0.990000,20.990000,Sports
"NORTHWEST POLISH",87.80,20,PG,2.990000,24.990000,Sports
"NOVOCAINE FLIGHT",52.81,19,G,0.990000,11.990000,Sports
"PEACH INNOCENT",84.85,14,PG-13,2.990000,20.990000,Sports
"PEAK FOREVER",105.80,20,PG,4.990000,25.990000,Sports
"PHILADELPHIA WIFE",118.78,23,PG-13,4.990000,16.990000,Sports
"PICKUP DRIVING",98.84,16,G,2.990000,23.990000,Sports
"PIRATES ROXANNE",51.78,21,PG,0.990000,20.990000,Sports
"POSEIDON FOREVER",100.83,17,PG-13,4.990000,29.990000,Sports
"RECORDS ZORRO",43.92,8,PG,4.990000,11.990000,Sports
"RIDER CADDYSHACK",48.89,11,PG,2.990000,28.990000,Sports
"RIVER OUTLAW",57.81,20,PG-13,0.990000,29.990000,Sports
"ROSES TREASURE",171.72,28,PG-13,4.990000,23.990000,Sports
"SATISFACTION CONFIDENTIAL",129.83,17,G,4.990000,26.990000,Sports
"SATURDAY LAMBS",204.72,28,G,4.990000,28.990000,Sports
"SEABISCUIT PUNK",95.74,26,NC-17,2.990000,28.990000,Sports
"SECRETARY ROUGE",112.82,18,PG,4.990000,10.990000,Sports
"SENSE GREEK",47.93,7,R,4.990000,23.990000,Sports
"SHAKESPEARE SADDLE",82.78,22,PG-13,2.990000,26.990000,Sports
"SIERRA DIVIDE",57.85,15,NC-17,0.990000,12.990000,Sports
"SLIPPER FIDELITY",30.84,16,PG-13,0.990000,14.990000,Sports
"SMOOCHY CONTROL",14.88,12,R,0.990000,18.990000,Sports
"SQUAD FISH",27.93,7,PG,2.990000,14.990000,Sports
"STAR OPERATION",86.79,21,PG,2.990000,9.990000,Sports
"STEERS ARMAGEDDON",85.85,15,PG,4.990000,16.990000,Sports
"STRAIGHT HOURS",57.80,20,R,0.990000,19.990000,Sports
"TALENTED HOMICIDE",39.71,29,PG,0.990000,9.990000,Sports
"TIGHTS DAWN",60.74,26,R,0.990000,14.990000,Sports
"TOURIST PELICAN",141.78,22,PG-13,4.990000,18.990000,Sports
"TRADING PINOCCHIO",147.75,25,PG,4.990000,22.990000,Sports
"TUXEDO MILE",76.87,13,R,2.990000,24.990000,Sports
"VICTORY ACADEMY",12.91,9,PG-13,0.990000,19.990000,Sports
"BASIC EASY",90.79,21,PG-13,2.990000,18.990000,Travel
"BIRD INDEPENDENCE",63.89,11,G,4.990000,14.990000,Travel
"BOILED DARES",77.85,15,PG,4.990000,13.990000,Travel
"BORN SPINAL",59.88,12,PG,4.990000,17.990000,Travel
"BUCKET BROTHERHOOD",180.66,34,PG,4.990000,27.990000,Travel
"CASABLANCA SUPER",82.84,16,G,4.990000,22.990000,Travel
"CASSIDY WYOMING",23.94,6,NC-17,2.990000,19.990000,Travel
"COMA HEAD",137.74,26,NC-17,4.990000,10.990000,Travel
"COMFORTS RUSH",84.83,17,NC-17,2.990000,19.990000,Travel
"CONTACT ANONYMOUS",85.74,26,PG-13,2.990000,10.990000,Travel
"DESPERATE TRAINSPOTTING",31.94,6,G,4.990000,29.990000,Travel
"DISCIPLE MOTHER",41.81,19,PG,0.990000,17.990000,Travel
"DRUMLINE CYCLONE",38.89,11,G,0.990000,14.990000,Travel
"ENOUGH RAGING",57.82,18,NC-17,2.990000,16.990000,Travel
"ESCAPE METROPOLIS",80.75,25,R,2.990000,20.990000,Travel
"EXPECATIONS NATURAL",110.82,18,PG-13,4.990000,26.990000,Travel
"FACTORY DRAGON",32.83,17,PG-13,0.990000,9.990000,Travel
"FELLOWSHIP AUTUMN",149.74,26,NC-17,4.990000,9.990000,Travel
"FROGMEN BREAKING",16.90,10,R,0.990000,17.990000,Travel
"FUGITIVE MAGUIRE",56.89,11,R,4.990000,28.990000,Travel
"GAMES BOWFINGER",72.86,14,PG-13,4.990000,17.990000,Travel
"HAUNTED ANTITRUST",31.94,6,NC-17,4.990000,13.990000,Travel
"HORROR REIGN",87.73,27,R,0.990000,25.990000,Travel
"IGBY MAKER",99.81,19,NC-17,4.990000,12.990000,Travel
"ITALIAN AFRICAN",38.94,6,G,4.990000,24.990000,Travel
"KICK SAVANNAH",61.80,20,PG-13,0.990000,10.990000,Travel
"LEATHERNECKS DWARFS",27.93,7,PG-13,2.990000,21.990000,Travel
"LIAISONS SWEET",131.78,22,PG,4.990000,15.990000,Travel
"LOCK REAR",50.84,16,R,2.990000,10.990000,Travel
"MADIGAN DORADO",59.90,10,R,4.990000,20.990000,Travel
"MOULIN WAKE",51.84,16,PG-13,0.990000,20.990000,Travel
"MUSCLE BRIGHT",95.70,30,G,2.990000,23.990000,Travel
"OTHERS SOUP",79.77,23,PG,2.990000,18.990000,Travel
"OUTLAW HANKY",73.86,14,PG-13,4.990000,17.990000,Travel
"PAPI NECKLACE",28.92,8,PG,0.990000,9.990000,Travel
"SHANE DARKNESS",55.86,14,PG,2.990000,22.990000,Travel
"SHANGHAI TYCOON",43.86,14,PG,2.990000,20.990000,Travel
"SHAWSHANK BUBBLE",109.81,19,PG,4.990000,20.990000,Travel
"SHINING ROSES",22.92,8,G,0.990000,12.990000,Travel
"SMILE EARRING",58.90,10,G,2.990000,29.990000,Travel
"SPEED SUIT",49.91,9,PG-13,4.990000,19.990000,Travel
"STONE FIRE",39.89,11,G,0.990000,19.990000,Travel
"SUPERFLY TRIP",17.90,10,PG,0.990000,27.990000,Travel
"SWEET BROTHERHOOD",81.85,15,R,2.990000,27.990000,Travel
"TEEN APOLLO",127.83,17,G,4.990000,25.990000,Travel
"TOMATOES HELLFIGHTERS",19.86,14,PG,0.990000,23.990000,Travel
"TRAFFIC HOBBIT",24.95,5,G,4.990000,13.990000,Travel
"TROUBLE DATE",79.78,23,PG,2.990000,13.990000,Travel
"VALENTINE VANISHING",16.88,12,PG-13,0.990000,9.990000,Travel
"WINDOW SIDE",59.88,12,R,2.990000,25.990000,Travel
"WOLVES DESIRE",24.79,21,NC-17,0.990000,13.990000,Travel
"WORKER TARZAN",50.85,15,R,2.990000,26.990000,Travel
"WORKING MICROCOSMOS",163.75,25,R,4.990000,22.990000,Travel
